{"_type":"export","__export_format":4,"__export_date":"2020-10-04T13:56:59.631Z","__export_source":"insomnia.desktop.app:v2020.4.1","resources":[{"_id":"req_17a12e8f558d4f1c80583e8d59a5824c","parentId":"wrk_ff9678ff12174be9beb597a2c4052bcf","modified":1601819654966,"created":1601819608596,"url":"http://localhost:3000/upload/single","name":"Upload single file","description":"","method":"POST","body":{"mimeType":"multipart/form-data","params":[{"name":"file","value":"","description":"","id":"pair_c4452a25118245d883285d3ace5bf5e6","type":"file","fileName":"/Users/gabrielrabelo/Documents/Group 1.png"}]},"parameters":[],"headers":[{"name":"Content-Type","value":"multipart/form-data","id":"pair_54757aba938841b79826c6305990baeb"}],"authentication":{},"metaSortKey":-1601819608596,"isPrivate":false,"settingStoreCookies":true,"settingSendCookies":true,"settingDisableRenderRequestBody":false,"settingEncodeUrl":true,"settingRebuildPath":true,"settingFollowRedirects":"global","_type":"request"},{"_id":"wrk_ff9678ff12174be9beb597a2c4052bcf","parentId":null,"modified":1601819589841,"created":1601819589841,"name":"Upload files using NodeJs and Multer","description":"","scope":null,"_type":"workspace"},{"_id":"req_815f226cd630462e9547fe81d5355013","parentId":"wrk_ff9678ff12174be9beb597a2c4052bcf","modified":1601819748668,"created":1601819714956,"url":"http://localhost:3000/upload/multiple","name":"Upload multiple files","description":"","method":"POST","body":{"mimeType":"multipart/form-data","params":[{"name":"file","value":"","description":"","id":"pair_c4452a25118245d883285d3ace5bf5e6","type":"file","fileName":"/Users/gabrielrabelo/Documents/Group 1.png"},{"name":"file","value":"","description":"","id":"pair_37737f9ab1af41bc8e4dded1ef8dda86","type":"file","fileName":"/Users/gabrielrabelo/Documents/1200px-Node.js_logo 1.png"}]},"parameters":[],"headers":[{"name":"Content-Type","value":"multipart/form-data","id":"pair_54757aba938841b79826c6305990baeb"}],"authentication":{},"metaSortKey":-1601620334524.5,"isPrivate":false,"settingStoreCookies":true,"settingSendCookies":true,"settingDisableRenderRequestBody":false,"settingEncodeUrl":true,"settingRebuildPath":true,"settingFollowRedirects":"global","_type":"request"},{"_id":"env_56f84943c131fee5e8fdb51002cde585ac05e9f8","parentId":"wrk_ff9678ff12174be9beb597a2c4052bcf","modified":1601819589970,"created":1601819589970,"name":"Base Environment","data":{},"dataPropertyOrder":null,"color":null,"isPrivate":false,"metaSortKey":1601819589970,"_type":"environment"},{"_id":"jar_56f84943c131fee5e8fdb51002cde585ac05e9f8","parentId":"wrk_ff9678ff12174be9beb597a2c4052bcf","modified":1601819589973,"created":1601819589973,"name":"Default Jar","cookies":[],"_type":"cookie_jar"},{"_id":"spc_82e1c151b3fe420eae5b6f3b3d7c6833","parentId":"wrk_ff9678ff12174be9beb597a2c4052bcf","modified":1601819589860,"created":1601819589860,"fileName":"Upload files using NodeJs and Multer","contents":"","contentType":"yaml","_type":"api_spec"}]}